{
  "__public__": true,
  "criteria": {
    "generic": {
      "trigger": "minecraft:entity_hurt_player",
      "conditions": {
        "damage": {
          "type": {
            "bypasses_armor": false,
            "bypasses_invulnerability": false,
            "bypasses_magic": false,
            "is_explosion": false,
            "is_fire": false,
            "is_lightning": false,
            "is_magic": false,
            "is_projectile": false
          }
        }
      }
    },
    "bypass_armor": {
      "trigger": "minecraft:entity_hurt_player",
      "conditions": {
        "damage": {
          "type": {
            "bypasses_armor": true
          }
        }
      }
    },
    "bypasses_invulnerability": {
      "trigger": "minecraft:entity_hurt_player",
      "conditions": {
        "damage": {
          "type": {
            "bypasses_invulnerability": true
          }
        }
      }
    },
    "bypasses_magic": {
      "trigger": "minecraft:entity_hurt_player",
      "conditions": {
        "damage": {
          "type": {
            "bypasses_magic": true
          }
        }
      }
    },
    "is_explosion": {
      "trigger": "minecraft:entity_hurt_player",
      "conditions": {
        "damage": {
          "type": {
            "is_explosion": true
          }
        }
      }
    },
    "is_fire": {
      "trigger": "minecraft:entity_hurt_player",
      "conditions": {
        "damage": {
          "type": {
            "is_fire": true
          }
        }
      }
    },
    "is_lightning": {
      "trigger": "minecraft:entity_hurt_player",
      "conditions": {
        "damage": {
          "type": {
            "is_lightning": true
          }
        }
      }
    },
    "is_magic": {
      "trigger": "minecraft:entity_hurt_player",
      "conditions": {
        "damage": {
          "type": {
            "is_magic": false
          }
        }
      }
    }
  },
  "rewards": {
    "function": "smithed.damage:calls/v0.0.4/event/player"
  }
}
