{
  "criteria": {
    "requirement": {
      "trigger": "minecraft:inventory_changed",
      "conditions": {
        "items": [
          {
            "nbt": "{smithed:{hasLore:1b}}"
          }
        ],
        "player": [
          {
            "condition": "minecraft:value_check",
            "value": {
              "type": "minecraft:score",
              "target": {
                "type": "minecraft:fixed",
                "name": "#smithed.item.major"
              },
              "score": "load.status"
            },
            "range": 0
          },
          {
            "condition": "minecraft:value_check",
            "value": {
              "type": "minecraft:score",
              "target": {
                "type": "minecraft:fixed",
                "name": "#smithed.item.minor"
              },
              "score": "load.status"
            },
            "range": 1
          },
          {
            "condition": "minecraft:value_check",
            "value": {
              "type": "minecraft:score",
              "target": {
                "type": "minecraft:fixed",
                "name": "#smithed.item.patch"
              },
              "score": "load.status"
            },
            "range": 0
          }
        ]
      }
    }
  },
  "rewards": {
    "function": "smithed.item:v0.1.0/lore/update_inventory"
  }
}
